horodatage,profil,secondes_ecoulees,fps_moyen,fps_1pct_low,fps_01pct_low,frametime_moyen_ms,frametime_median_ms,frametime_pire_ms,frames_echantillonnees,memoire_geree_mo,alloc_mo_par_s,acteurs_fixedupdate,acteurs_update,acteurs_lateupdate,modules_actifs,lod_pct_evite,note
2026-08-16 17:49:40,custom,8.0,117.15,107.08,24.07,8.536,8.334,41.550,938,100.73,2.873,4,9,0,lod,71.1,ab lod=on
2026-08-16 17:49:45,custom,13.0,116.63,105.70,24.07,8.574,8.334,41.550,1024,94.25,2.996,4,9,0,lod,70.1,ab lod=on
2026-08-16 17:49:50,custom,18.0,117.63,106.55,28.45,8.501,8.334,35.146,1024,108.61,2.957,4,9,0,lod,69.2,ab lod=on
2026-08-16 17:49:55,custom,23.0,117.91,107.67,27.94,8.481,8.334,35.791,1024,102.05,2.890,4,9,0,lod,68.4,ab lod=on
2026-08-16 17:50:00,custom,28.0,117.95,108.45,27.86,8.478,8.334,35.894,1024,95.66,2.240,4,9,0,lod,67.6,ab lod=on
2026-08-16 17:50:10,custom,38.0,117.88,107.09,27.21,8.483,8.334,36.757,944,103.62,2.878,4,9,0,aucun,67.2,ab lod=off
2026-08-16 17:50:15,custom,43.0,117.40,105.89,27.81,8.518,8.334,35.964,1024,97.00,2.609,4,9,0,aucun,67.2,ab lod=off
2026-08-16 17:50:20,custom,48.0,116.63,105.59,27.81,8.574,8.334,35.964,1024,111.90,3.088,7,12,0,aucun,67.2,ab lod=off
2026-08-16 17:50:25,custom,53.0,117.18,105.59,28.35,8.534,8.334,35.276,1024,104.03,2.464,10,15,0,aucun,67.2,ab lod=off
2026-08-16 17:50:30,custom,58.0,117.25,105.78,24.37,8.529,8.334,41.032,1024,99.59,3.363,10,15,0,aucun,67.2,ab lod=off
2026-08-16 17:50:40,custom,68.0,115.86,103.01,20.10,8.631,8.334,49.759,927,93.69,6.179,66,86,1,lod,63.7,ab lod=on
2026-08-16 17:50:45,custom,73.0,116.32,104.95,22.32,8.597,8.334,44.794,1024,100.25,10.219,127,178,6,lod,59.1,ab lod=on
2026-08-16 17:50:50,custom,78.0,114.49,74.71,22.32,8.734,8.334,44.794,1024,111.59,8.202,128,179,6,lod,53.8,ab lod=on
2026-08-16 17:50:55,custom,83.0,113.78,80.06,23.35,8.789,8.335,42.822,1024,102.59,10.858,128,180,6,lod,51.6,ab lod=on
2026-08-16 17:51:00,custom,88.0,107.52,65.63,20.07,9.301,8.669,49.819,1024,94.36,10.362,240,374,6,lod,50.5,ab lod=on
2026-08-16 17:51:10,custom,98.0,112.19,79.49,17.87,8.914,8.361,55.957,898,97.29,12.114,217,358,6,aucun,50.7,ab lod=off
2026-08-16 17:51:15,custom,103.0,108.72,71.80,17.16,9.198,8.525,58.282,1024,98.43,10.174,268,436,6,aucun,50.7,ab lod=off
2026-08-16 17:51:20,custom,108.0,102.08,59.37,17.16,9.797,9.150,58.282,1024,96.73,11.331,187,316,1,aucun,50.7,ab lod=off
2026-08-16 17:51:25,custom,113.0,99.75,63.56,16.85,10.025,9.571,59.349,1024,104.60,15.891,137,236,1,aucun,50.7,ab lod=off
2026-08-16 17:51:30,custom,118.1,102.14,61.56,16.85,9.791,9.298,59.349,1024,112.87,16.675,214,353,1,aucun,50.7,ab lod=off
2026-08-16 17:51:40,custom,128.0,106.55,66.87,18.86,9.385,8.748,53.024,853,112.07,15.915,209,350,1,lod,52.9,ab lod=on
2026-08-16 17:51:45,custom,133.0,107.71,66.44,18.86,9.284,8.749,53.024,1024,109.21,15.881,199,339,1,lod,55.9,ab lod=on
2026-08-16 17:51:50,custom,138.0,109.12,66.44,20.77,9.164,8.638,48.144,1024,108.22,16.061,199,339,1,lod,56.9,ab lod=on
2026-08-16 17:51:55,custom,143.0,111.44,76.35,21.53,8.974,8.414,46.437,1024,106.53,14.930,196,338,1,lod,58.5,ab lod=on
2026-08-16 17:52:00,custom,148.0,108.13,73.41,20.29,9.248,8.731,49.274,1024,106.67,15.464,192,336,1,lod,59.1,ab lod=on
2026-08-16 17:52:10,custom,158.0,107.52,75.61,21.36,9.300,8.538,46.810,861,104.93,15.815,117,226,1,aucun,59.4,ab lod=off
2026-08-16 17:52:15,custom,163.0,114.60,80.89,19.81,8.726,8.334,50.471,1024,104.48,15.738,114,224,1,aucun,59.4,ab lod=off
2026-08-16 17:52:20,custom,168.0,114.54,84.13,17.32,8.731,8.334,57.752,1024,103.89,15.531,111,222,0,aucun,59.4,ab lod=off
2026-08-16 17:52:25,custom,173.0,114.41,84.69,16.87,8.741,8.334,59.262,1024,103.00,15.358,114,225,0,aucun,59.4,ab lod=off
2026-08-16 17:52:30,custom,178.0,114.25,82.73,16.87,8.752,8.334,59.262,1024,102.20,15.184,114,225,0,aucun,59.4,ab lod=off
2026-08-16 17:52:40,custom,188.0,114.28,95.59,22.29,8.750,8.334,44.866,915,100.80,15.177,114,225,0,lod,37.1,ab lod=on
2026-08-16 17:52:45,custom,193.0,114.83,96.31,22.77,8.708,8.334,43.910,1024,100.59,15.647,114,225,0,lod,37.4,ab lod=on
2026-08-16 17:52:50,custom,198.0,115.22,103.35,23.28,8.679,8.334,42.957,1024,100.27,15.514,114,225,0,lod,38.6,ab lod=on
2026-08-16 17:52:55,custom,203.1,115.08,94.89,23.28,8.690,8.334,42.957,1024,100.06,15.615,114,225,0,lod,39.5,ab lod=on
2026-08-16 17:53:00,custom,208.1,113.55,71.10,19.08,8.807,8.334,52.410,1024,101.64,14.982,114,225,0,lod,39.7,ab lod=on
2026-08-16 17:53:10,custom,218.0,113.36,80.58,20.53,8.822,8.335,48.715,907,99.58,16.883,112,225,0,aucun,39.6,ab lod=off
2026-08-16 17:53:15,custom,223.0,113.00,82.72,20.55,8.850,8.335,48.667,1024,106.29,16.803,112,225,0,aucun,39.6,ab lod=off
2026-08-16 17:53:20,custom,228.0,112.40,82.72,20.55,8.896,8.334,48.667,1024,95.14,16.803,110,223,0,aucun,39.6,ab lod=off
2026-08-16 17:53:25,custom,233.0,114.16,100.11,21.78,8.759,8.334,45.907,1024,102.63,17.021,110,225,0,aucun,39.6,ab lod=off
2026-08-16 17:53:30,custom,238.0,114.34,100.11,21.78,8.746,8.334,45.907,1024,111.41,17.301,110,226,0,aucun,39.6,ab lod=off
2026-08-16 17:53:40,custom,248.0,113.97,90.45,20.43,8.775,8.334,48.949,912,107.31,17.082,108,226,0,lod,37.2,ab lod=on
2026-08-16 17:53:45,custom,253.1,114.36,102.52,20.43,8.745,8.334,48.949,1024,96.46,17.082,108,226,0,lod,36.5,ab lod=on
2026-08-16 17:53:50,custom,258.1,114.48,99.42,21.60,8.735,8.334,46.301,1024,104.24,17.414,108,226,0,lod,36.9,ab lod=on
2026-08-16 17:53:55,custom,263.1,114.68,102.34,23.69,8.720,8.334,42.207,1024,113.34,17.261,108,226,0,lod,37.6,ab lod=on
2026-08-16 17:54:00,custom,268.1,114.30,102.55,22.92,8.749,8.334,43.621,1024,101.02,17.261,108,226,0,lod,38.1,ab lod=on
2026-08-16 17:54:10,custom,278.0,113.83,93.33,22.06,8.785,8.334,45.333,911,97.81,16.882,108,226,0,aucun,38.1,ab lod=off
2026-08-16 17:54:15,custom,283.0,114.08,93.43,22.42,8.766,8.334,44.596,1024,105.60,17.067,108,226,0,aucun,38.1,ab lod=off
2026-08-16 17:54:20,custom,288.1,114.04,94.91,22.06,8.769,8.334,45.339,1024,95.23,17.067,108,226,0,aucun,38.1,ab lod=off
2026-08-16 17:54:25,custom,293.1,114.63,95.67,22.82,8.724,8.334,43.823,1024,102.36,16.935,108,226,0,aucun,38.1,ab lod=off
2026-08-16 17:54:30,custom,298.1,114.22,94.36,19.90,8.755,8.334,50.249,1024,110.81,17.129,106,224,0,aucun,38.1,ab lod=off
2026-08-16 17:54:40,custom,308.1,113.20,93.49,20.23,8.834,8.334,49.420,906,106.03,17.224,106,225,0,lod,39.7,ab lod=on
2026-08-16 17:54:45,custom,313.1,113.35,93.63,20.23,8.822,8.334,49.420,1024,95.25,17.224,106,225,0,lod,38.2,ab lod=on
2026-08-16 17:54:50,custom,318.1,113.71,95.19,21.28,8.794,8.334,46.997,1024,102.17,16.681,106,225,0,lod,38.3,ab lod=on
2026-08-16 17:54:55,custom,323.1,113.56,94.44,21.38,8.806,8.334,46.778,1024,110.31,16.933,106,225,0,lod,39.5,ab lod=on
2026-08-16 17:55:00,custom,328.1,113.26,85.54,21.89,8.830,8.335,45.688,1024,98.05,16.933,106,225,0,lod,39.9,ab lod=on
2026-08-16 17:55:10,custom,338.1,112.94,88.60,21.58,8.855,8.334,46.329,904,112.75,16.972,106,226,0,aucun,40.1,ab lod=off
2026-08-16 17:55:15,custom,343.1,109.16,38.48,20.43,9.161,8.449,48.958,1024,96.13,16.972,106,227,0,aucun,40.1,ab lod=off
2026-08-16 17:55:20,custom,348.1,105.61,24.27,14.14,9.469,8.466,70.735,1024,99.39,17.318,168,331,0,aucun,40.1,ab lod=off
2026-08-16 17:55:25,custom,353.1,106.57,50.26,14.14,9.384,8.334,70.735,1024,100.50,13.519,166,329,0,aucun,40.1,ab lod=off
2026-08-16 17:55:30,custom,358.1,104.14,50.26,18.29,9.602,8.994,54.672,1024,98.29,14.186,184,361,0,aucun,40.1,ab lod=off
2026-08-16 17:55:40,custom,368.1,105.99,32.80,20.27,9.435,8.672,49.344,848,97.99,0.792,103,184,1,lod,53.2,ab lod=on
2026-08-16 17:55:45,custom,373.1,113.00,70.18,20.27,8.849,8.334,49.344,1024,112.52,13.396,104,185,2,lod,51.9,ab lod=on
2026-08-16 17:55:50,custom,378.1,105.10,66.15,21.77,9.515,8.746,45.945,1024,96.20,10.771,98,178,2,lod,50.4,ab lod=on
2026-08-16 17:55:55,custom,383.1,101.08,66.15,21.68,9.893,9.504,46.121,1024,99.44,12.969,182,359,2,lod,52.4,ab lod=on
2026-08-16 17:56:00,custom,388.1,103.68,71.39,20.65,9.645,9.197,48.430,1024,106.45,9.980,174,322,0,lod,57.2,ab lod=on
2026-08-16 17:56:10,custom,398.1,84.56,22.55,19.52,11.826,11.342,51.231,677,101.89,13.111,83,178,0,aucun,58.6,ab lod=off
2026-08-16 17:56:15,custom,403.1,86.17,22.85,19.85,11.605,11.122,50.374,1024,106.88,16.404,103,201,1,aucun,58.6,ab lod=off
2026-08-16 17:56:20,custom,408.1,81.78,22.55,5.10,12.228,11.194,196.092,1024,101.75,9.750,266,569,10,aucun,58.6,ab lod=off
2026-08-16 17:56:25,custom,413.1,76.04,22.06,5.10,13.151,11.974,196.092,1024,103.95,15.265,266,621,10,aucun,58.6,ab lod=off
2026-08-16 17:56:30,custom,418.1,71.46,21.16,5.10,13.993,13.364,196.092,1024,105.87,12.319,266,597,10,aucun,58.6,ab lod=off
2026-08-16 17:56:40,custom,428.2,78.80,19.41,5.82,12.691,11.740,171.778,548,111.41,1.342,148,154,0,lod,39.0,ab lod=on
