horodatage,profil,secondes_ecoulees,fps_moyen,fps_1pct_low,fps_01pct_low,frametime_moyen_ms,frametime_median_ms,frametime_pire_ms,frames_echantillonnees,memoire_geree_mo,alloc_mo_par_s,acteurs_fixedupdate,acteurs_update,acteurs_lateupdate,note
2026-08-16 16:26:00,safe,5.0,186.61,133.95,65.46,5.359,5.380,15.277,931,48.19,1.203,121,126,0,auto
2026-08-16 16:26:05,safe,10.0,168.78,130.48,62.02,5.925,5.958,16.123,1024,46.88,0.994,121,126,0,auto
2026-08-16 16:26:10,safe,15.0,165.82,128.86,66.59,6.031,6.057,15.018,1024,45.85,1.072,117,122,0,auto
2026-08-16 16:26:15,safe,20.0,199.48,146.52,66.59,5.013,5.005,15.018,1024,48.87,1.475,116,121,0,auto
2026-08-16 16:26:20,safe,25.0,228.31,162.99,78.34,4.380,4.419,12.764,1024,46.12,1.566,116,121,0,auto
2026-08-16 16:26:25,safe,30.0,222.42,162.24,73.02,4.496,4.550,13.695,1024,46.63,1.507,116,121,0,auto
2026-08-16 16:26:30,safe,35.0,228.80,162.86,74.62,4.371,4.419,13.400,1024,47.42,1.411,116,121,0,auto
2026-08-16 16:26:35,safe,40.0,223.14,155.82,65.51,4.481,4.519,15.265,1024,48.00,1.526,116,121,0,auto
2026-08-16 16:26:40,safe,45.0,228.09,173.27,74.86,4.384,4.420,13.358,1024,48.74,1.595,116,121,0,auto
2026-08-16 16:26:45,safe,50.0,236.38,165.08,74.33,4.230,4.246,13.453,1024,46.29,1.633,116,121,0,auto
2026-08-16 16:26:50,safe,55.0,235.78,169.04,69.25,4.241,4.280,14.441,1024,45.91,1.515,116,121,0,auto
2026-08-16 16:26:55,safe,60.0,224.38,154.89,71.73,4.457,4.492,13.941,1024,46.41,1.555,115,120,0,auto
2026-08-16 16:27:00,safe,65.0,210.55,144.80,70.09,4.749,4.773,14.268,1024,46.63,1.448,115,120,0,auto
2026-08-16 16:27:05,safe,70.0,225.86,169.20,70.96,4.428,4.452,14.092,1024,47.20,1.300,114,119,0,auto
2026-08-16 16:27:10,safe,75.0,222.81,167.03,66.40,4.488,4.515,15.060,1024,47.76,1.444,114,119,0,auto
2026-08-16 16:27:15,safe,80.0,234.80,175.70,78.17,4.259,4.298,12.793,1024,48.65,1.621,114,119,0,auto
2026-08-16 16:27:20,safe,85.0,235.52,169.40,83.05,4.246,4.283,12.042,1024,46.23,1.613,114,119,0,auto
2026-08-16 16:27:25,safe,90.0,236.34,176.70,73.06,4.231,4.237,13.687,1024,47.21,1.323,114,119,0,auto
2026-08-16 16:27:30,safe,95.0,239.14,179.42,60.00,4.182,4.186,16.666,1024,48.26,1.648,114,119,0,auto
2026-08-16 16:27:35,safe,100.0,237.88,167.11,74.94,4.204,4.202,13.344,1024,46.11,1.568,114,119,0,auto
2026-08-16 16:27:40,safe,105.0,242.06,180.51,74.75,4.131,4.159,13.377,1024,47.13,1.203,114,119,0,auto
2026-08-16 16:27:45,safe,110.0,221.41,160.49,72.40,4.517,4.544,13.812,1024,47.85,1.434,114,119,0,auto
2026-08-16 16:27:50,safe,115.0,223.03,152.48,73.36,4.484,4.525,13.632,1024,48.49,1.505,114,119,0,auto
2026-08-16 16:27:55,safe,120.0,226.14,163.45,59.40,4.422,4.450,16.834,1024,45.91,1.365,114,119,0,auto
2026-08-16 16:28:00,safe,125.0,240.35,166.78,78.87,4.161,4.169,12.679,1024,46.68,1.636,114,119,0,auto
2026-08-16 16:28:05,safe,130.0,239.36,159.20,72.88,4.178,4.180,13.721,1024,47.88,1.562,114,119,0,auto
2026-08-16 16:28:10,safe,135.0,243.02,170.35,73.25,4.115,4.126,13.652,1024,45.95,1.420,114,119,0,auto
2026-08-16 16:28:15,safe,140.0,248.14,172.38,74.59,4.030,4.030,13.406,1024,47.01,1.732,114,119,0,auto
2026-08-16 16:28:20,safe,145.0,251.66,177.64,78.46,3.974,3.936,12.746,1024,48.55,1.660,114,119,0,auto
2026-08-16 16:28:25,safe,150.1,241.24,165.46,71.30,4.145,4.153,14.026,1024,46.43,1.588,114,119,0,auto
2026-08-16 16:28:30,safe,155.1,228.06,162.79,73.56,4.385,4.406,13.594,1024,47.21,1.250,114,119,0,auto
2026-08-16 16:28:35,safe,160.1,231.27,165.18,72.99,4.324,4.322,13.701,1024,48.13,1.557,114,119,0,auto
2026-08-16 16:28:40,safe,165.1,226.45,139.68,31.93,4.416,4.305,31.317,1024,60.05,1.683,114,119,0,auto
2026-08-16 16:28:45,safe,170.1,237.98,188.09,74.18,4.202,4.187,13.481,1024,53.44,1.642,114,119,0,auto
2026-08-16 16:28:50,safe,175.1,247.00,190.07,21.84,4.049,3.989,45.786,1024,80.21,12.395,114,119,0,auto
2026-08-16 16:28:56,safe,181.3,232.72,141.72,7.54,4.297,4.080,132.630,1024,104.96,10.683,26,31,0,auto
2026-08-16 16:29:01,safe,186.3,137.37,122.58,0.56,7.280,5.258,1773.870,1024,108.33,10.413,24,27,0,auto
2026-08-16 16:29:06,safe,191.3,182.50,127.14,45.55,5.480,5.275,21.955,1024,108.83,10.456,24,27,0,auto
2026-08-16 16:29:11,safe,196.3,180.16,125.18,46.65,5.551,5.324,21.438,1024,109.57,10.445,24,27,0,auto
2026-08-16 16:29:16,safe,201.3,157.66,123.31,46.65,6.343,6.339,21.438,1024,102.38,8.689,24,27,0,auto
2026-08-16 16:29:21,safe,206.3,138.89,98.60,1.24,7.200,6.314,806.730,1024,103.08,8.882,128,134,0,auto
2026-08-16 16:29:26,safe,211.3,261.91,162.22,50.92,3.818,3.759,19.638,1024,92.76,1.498,128,134,0,auto
2026-08-16 16:29:33,safe,218.3,234.48,128.24,15.58,4.265,4.120,64.202,1024,128.01,3.153,5127,7991,28,auto
2026-08-16 16:29:38,safe,223.3,85.87,41.42,0.18,11.645,4.332,5606.756,1024,142.25,6.173,278,651,10,auto
2026-08-16 16:29:43,safe,228.3,67.86,40.79,0.18,14.737,9.959,5606.756,1024,144.48,7.718,266,574,10,auto
2026-08-16 16:29:48,safe,233.3,89.95,60.31,13.69,11.117,10.756,73.069,1024,125.44,7.773,278,590,10,auto
2026-08-16 16:29:53,safe,238.3,85.63,59.19,13.69,11.678,11.273,73.069,1024,125.51,5.091,278,590,10,auto
2026-08-16 16:29:58,safe,243.3,82.08,56.67,13.69,12.183,11.977,73.069,1024,126.25,6.916,275,596,10,auto
2026-08-16 16:30:03,safe,248.3,74.84,54.01,16.00,13.362,13.295,62.484,1024,148.20,4.876,275,596,10,auto
2026-08-16 16:30:08,safe,253.4,72.82,53.61,16.00,13.732,13.792,62.484,1024,148.75,8.179,266,521,10,auto
2026-08-16 16:30:13,safe,258.5,75.59,52.07,12.37,13.229,12.845,80.827,1024,148.46,11.400,266,524,10,auto
2026-08-16 16:30:18,safe,263.5,82.23,52.07,12.37,12.161,11.768,80.827,1024,145.98,10.551,266,515,10,auto
2026-08-16 16:30:23,safe,268.5,98.06,52.11,7.09,10.198,9.418,140.954,1024,140.12,15.478,266,515,10,auto
2026-08-16 16:30:28,safe,273.5,120.79,80.72,7.09,8.279,7.816,140.954,1024,132.02,14.464,266,515,10,auto
2026-08-16 16:30:33,safe,278.5,109.34,50.06,14.56,9.146,8.041,68.674,1024,140.03,10.096,266,515,10,auto
2026-08-16 16:30:38,safe,283.5,92.67,49.26,13.38,10.791,9.892,74.753,1024,147.58,12.286,266,517,10,auto
2026-08-16 16:30:44,safe,289.3,81.27,46.23,4.98,12.304,11.497,200.901,1024,135.88,9.623,148,154,0,auto
2026-08-16 16:31:26,safe,5.0,190.56,140.03,73.01,5.248,5.283,13.697,952,45.89,0.879,121,126,0,auto
2026-08-16 16:31:31,safe,10.0,177.58,138.77,69.02,5.631,5.647,14.489,1024,45.09,1.196,121,126,0,auto
2026-08-16 16:31:36,safe,15.0,180.30,137.20,65.02,5.546,5.563,15.380,1024,47.57,1.353,121,126,0,auto
2026-08-16 16:31:41,safe,20.0,220.58,163.04,71.72,4.534,4.546,13.943,1024,48.02,1.564,118,123,0,auto
2026-08-16 16:31:46,safe,25.0,237.71,169.66,73.30,4.207,4.209,13.643,1024,45.51,1.625,117,122,0,auto
2026-08-16 16:31:51,safe,30.0,235.82,172.33,72.92,4.241,4.268,13.714,1024,46.51,1.383,116,121,0,auto
2026-08-16 16:31:56,safe,35.0,246.16,184.03,73.51,4.062,4.078,13.604,1024,47.81,1.720,116,121,0,auto
2026-08-16 16:32:01,safe,40.0,244.91,179.82,73.96,4.083,4.091,13.520,1024,45.54,1.680,116,121,0,auto
2026-08-16 16:32:06,safe,45.0,228.18,178.79,21.93,4.383,4.323,45.591,1024,49.01,1.346,116,121,0,auto
2026-08-16 16:32:11,safe,50.0,227.49,167.39,29.22,4.396,4.339,34.226,1024,52.46,1.686,116,121,0,auto
2026-08-16 16:32:16,safe,55.0,216.46,169.77,59.96,4.620,4.612,16.679,1024,49.39,1.396,116,121,0,auto
2026-08-16 16:32:21,safe,60.0,223.42,166.38,66.54,4.476,4.492,15.028,1024,49.87,1.602,116,121,0,auto
2026-08-16 16:32:26,safe,65.0,186.16,115.71,55.63,5.372,4.653,17.975,1024,51.82,1.010,116,121,0,auto
2026-08-16 16:32:31,safe,70.0,139.98,119.55,55.63,7.144,6.961,17.975,1024,49.77,1.015,116,121,0,auto
2026-08-16 16:32:36,safe,75.0,136.10,110.06,6.85,7.347,6.961,145.946,1024,92.22,32.865,116,121,0,auto
2026-08-16 16:32:43,safe,81.5,76.73,94.84,0.17,13.033,6.960,5837.164,1024,112.80,1.649,266,514,10,auto
2026-08-16 16:32:48,safe,86.5,64.14,21.47,0.17,15.592,7.372,5837.164,1024,108.12,12.892,266,514,10,auto
2026-08-16 16:32:53,safe,91.5,56.52,21.34,0.17,17.694,11.683,5837.164,1024,120.59,12.355,266,529,10,auto
2026-08-16 16:32:58,safe,96.5,79.85,53.92,19.66,12.524,12.278,50.874,1024,108.84,12.075,266,529,10,auto
2026-08-16 16:33:03,safe,101.5,79.62,57.88,20.90,12.560,12.305,47.855,1024,119.86,11.695,266,528,10,auto
2026-08-16 16:33:08,safe,106.5,79.03,57.05,20.71,12.653,12.436,48.294,1024,108.18,11.729,266,529,10,auto
2026-08-16 16:33:13,safe,111.5,76.01,54.03,18.88,13.155,12.831,52.978,1024,113.07,11.014,266,529,10,auto
2026-08-16 16:33:18,safe,116.5,72.87,53.94,18.05,13.723,13.422,55.391,1024,118.46,10.200,266,527,10,auto
2026-08-16 16:33:23,safe,121.5,70.65,54.03,18.04,14.154,14.002,55.425,1024,124.18,11.440,266,532,10,auto
2026-08-16 16:33:28,safe,126.5,70.96,51.52,18.04,14.093,13.922,55.425,1024,130.20,11.477,266,535,10,auto
2026-08-16 16:33:33,safe,131.5,71.48,55.18,19.30,13.991,13.894,51.824,1024,110.86,11.305,266,536,10,auto
2026-08-16 16:33:38,safe,136.5,71.43,55.99,18.20,13.999,13.883,54.958,1024,116.61,11.244,266,535,10,auto
2026-08-16 16:33:43,safe,141.6,71.22,54.76,18.20,14.040,13.906,54.958,1024,122.91,11.117,266,537,10,auto
2026-08-16 16:33:48,safe,146.6,69.65,36.47,15.34,14.358,14.000,65.173,1024,130.68,14.065,266,529,10,auto
2026-08-16 16:33:53,safe,151.6,70.60,25.21,15.00,14.164,13.876,66.670,1024,108.81,9.531,266,523,10,auto
2026-08-16 16:33:58,safe,156.6,70.52,37.31,15.00,14.181,13.895,66.670,1024,110.13,10.575,266,521,10,auto
2026-08-16 16:34:03,safe,161.6,73.19,36.66,15.00,13.664,13.103,66.670,1024,109.45,8.920,266,521,10,auto
2026-08-16 16:34:08,safe,166.6,80.76,41.36,17.59,12.382,11.777,56.854,1024,114.23,10.866,266,521,10,auto
2026-08-16 16:34:13,safe,171.6,90.86,58.40,0.76,11.006,9.564,1321.253,1024,138.91,0.632,121,127,0,auto
2026-08-16 16:34:19,safe,178.2,61.65,58.40,0.18,16.221,7.978,5700.242,1024,169.61,1.491,266,521,10,auto
2026-08-16 16:34:24,safe,183.2,62.84,47.58,0.18,15.914,8.025,5700.242,1024,153.66,9.992,266,520,10,auto
2026-08-16 16:34:29,safe,188.2,62.00,48.59,0.18,16.130,9.722,5700.242,1024,166.58,9.518,266,530,10,auto
2026-08-16 16:34:34,safe,193.2,99.70,59.01,10.68,10.030,8.882,93.619,1024,172.25,13.948,266,530,10,auto
2026-08-16 16:34:39,safe,198.2,100.31,59.45,10.91,9.969,8.770,91.633,1024,166.98,11.997,266,530,10,auto
2026-08-16 16:34:44,safe,203.2,101.95,63.44,15.00,9.809,9.290,66.660,1024,158.97,11.765,266,525,10,auto
2026-08-16 16:34:49,safe,208.2,107.03,71.15,14.76,9.343,8.932,67.769,1024,154.41,10.788,266,517,10,auto
2026-08-16 16:34:54,safe,213.2,103.36,66.29,14.76,9.675,9.061,67.769,1024,182.89,11.520,266,517,10,auto
2026-08-16 16:34:59,safe,218.2,118.43,67.67,7.91,8.444,7.874,126.447,1024,172.78,19.256,266,517,10,auto
2026-08-16 16:35:04,safe,223.2,151.10,102.23,10.36,6.618,6.278,96.493,1024,158.91,16.446,266,517,10,auto
2026-08-16 16:35:09,safe,228.2,153.45,108.42,11.33,6.517,6.158,88.266,1024,180.01,17.140,266,517,10,auto
2026-08-16 16:35:14,safe,233.2,157.72,118.04,13.82,6.340,6.062,72.371,1024,161.48,17.513,266,517,10,auto
2026-08-16 16:35:19,safe,238.2,135.64,62.41,14.43,7.373,6.228,69.302,1024,172.44,13.544,266,517,10,auto
2026-08-16 16:35:24,safe,243.3,133.48,62.41,14.34,7.492,6.277,69.753,1024,180.90,18.604,266,517,10,auto
2026-08-16 16:35:29,safe,248.3,134.54,62.93,12.80,7.433,6.343,78.108,1024,183.24,11.258,266,517,10,auto
2026-08-16 16:35:34,safe,253.3,105.89,40.77,5.70,9.444,7.658,175.484,1024,175.95,5.636,266,511,10,auto
2026-08-16 16:35:39,safe,258.3,93.97,31.52,0.98,10.641,9.849,1021.483,1024,162.64,1.856,117,123,0,auto
